{
    "swagger": "2.0",
    "info": {
        "description": "API for Mile-Do, simple clone of TickTick.",
        "title": "Mile-Do API",
        "termsOfService": "http://swagger.io/terms/",
        "contact": {
            "name": "API Support",
            "email": "support@swagger.io"
        },
        "version": "1.0"
    },
    "host": "localhost:8080",
    "basePath": "/api/v1",
    "paths": {
        "/auth/login": {
            "post": {
                "description": "login to existing user account",
                "consumes": [
                    "application/json"
                ],
                "produces": [
                    "application/json"
                ],
                "tags": [
                    "auth"
                ],
                "summary": "login user",
                "parameters": [
                    {
                        "description": "Account Info",
                        "name": "input",
                        "in": "body",
                        "required": true,
                        "schema": {
                            "$ref": "#/definitions/github_com_ali-nur31_mile-do_internal_transport_http_v1_dto.LoginUserRequest"
                        }
                    }
                ],
                "responses": {
                    "202": {
                        "description": "Accepted",
                        "schema": {
                            "$ref": "#/definitions/github_com_ali-nur31_mile-do_internal_transport_http_v1_dto.AuthUserResponse"
                        }
                    },
                    "400": {
                        "description": "Bad Request",
                        "schema": {
                            "type": "object",
                            "additionalProperties": {
                                "type": "string"
                            }
                        }
                    },
                    "500": {
                        "description": "Internal Server Error",
                        "schema": {
                            "type": "object",
                            "additionalProperties": {
                                "type": "string"
                            }
                        }
                    }
                }
            }
        },
        "/auth/logout": {
            "delete": {
                "security": [
                    {
                        "BearerAuth": []
                    }
                ],
                "description": "logout from user account",
                "consumes": [
                    "application/json"
                ],
                "produces": [
                    "application/json"
                ],
                "tags": [
                    "auth"
                ],
                "summary": "logout user",
                "responses": {
                    "200": {
                        "description": "successful log out",
                        "schema": {
                            "type": "object",
                            "additionalProperties": {
                                "type": "string"
                            }
                        }
                    },
                    "401": {
                        "description": "Unauthorized",
                        "schema": {
                            "type": "object",
                            "additionalProperties": {
                                "type": "string"
                            }
                        }
                    },
                    "500": {
                        "description": "Internal Server Error",
                        "schema": {
                            "type": "object",
                            "additionalProperties": {
                                "type": "string"
                            }
                        }
                    }
                }
            }
        },
        "/auth/refresh": {
            "post": {
                "description": "refresh access token by refresh_token",
                "consumes": [
                    "application/json"
                ],
                "produces": [
                    "application/json"
                ],
                "tags": [
                    "auth"
                ],
                "summary": "refresh access token",
                "parameters": [
                    {
                        "description": "Refresh token",
                        "name": "input",
                        "in": "body",
                        "required": true,
                        "schema": {
                            "$ref": "#/definitions/github_com_ali-nur31_mile-do_internal_transport_http_v1_dto.RefreshAccessTokenRequest"
                        }
                    }
                ],
                "responses": {
                    "200": {
                        "description": "OK",
                        "schema": {
                            "$ref": "#/definitions/github_com_ali-nur31_mile-do_internal_transport_http_v1_dto.AuthUserResponse"
                        }
                    },
                    "400": {
                        "description": "Bad Request",
                        "schema": {
                            "type": "object",
                            "additionalProperties": {
                                "type": "string"
                            }
                        }
                    },
                    "500": {
                        "description": "Internal Server Error",
                        "schema": {
                            "type": "object",
                            "additionalProperties": {
                                "type": "string"
                            }
                        }
                    }
                }
            }
        },
        "/auth/register": {
            "post": {
                "description": "create new user account",
                "consumes": [
                    "application/json"
                ],
                "produces": [
                    "application/json"
                ],
                "tags": [
                    "auth"
                ],
                "summary": "register new user",
                "parameters": [
                    {
                        "description": "Account Info",
                        "name": "input",
                        "in": "body",
                        "required": true,
                        "schema": {
                            "$ref": "#/definitions/github_com_ali-nur31_mile-do_internal_transport_http_v1_dto.RegisterUserRequest"
                        }
                    }
                ],
                "responses": {
                    "201": {
                        "description": "Created",
                        "schema": {
                            "$ref": "#/definitions/github_com_ali-nur31_mile-do_internal_transport_http_v1_dto.AuthUserResponse"
                        }
                    },
                    "400": {
                        "description": "Bad Request",
                        "schema": {
                            "type": "object",
                            "additionalProperties": {
                                "type": "string"
                            }
                        }
                    },
                    "500": {
                        "description": "Internal Server Error",
                        "schema": {
                            "type": "object",
                            "additionalProperties": {
                                "type": "string"
                            }
                        }
                    }
                }
            }
        },
        "/goals/": {
            "get": {
                "security": [
                    {
                        "BearerAuth": []
                    }
                ],
                "description": "get list of goals",
                "consumes": [
                    "application/json"
                ],
                "produces": [
                    "application/json"
                ],
                "tags": [
                    "goals"
                ],
                "summary": "get goals",
                "parameters": [
                    {
                        "type": "string",
                        "description": "get goals by type",
                        "name": "type",
                        "in": "query"
                    }
                ],
                "responses": {
                    "200": {
                        "description": "OK",
                        "schema": {
                            "$ref": "#/definitions/github_com_ali-nur31_mile-do_internal_transport_http_v1_dto.ListGoalsResponse"
                        }
                    },
                    "401": {
                        "description": "Unauthorized",
                        "schema": {
                            "type": "object",
                            "additionalProperties": {
                                "type": "string"
                            }
                        }
                    },
                    "500": {
                        "description": "Internal Server Error",
                        "schema": {
                            "type": "object",
                            "additionalProperties": {
                                "type": "string"
                            }
                        }
                    }
                }
            },
            "post": {
                "security": [
                    {
                        "BearerAuth": []
                    }
                ],
                "description": "create new unique goal",
                "consumes": [
                    "application/json"
                ],
                "produces": [
                    "application/json"
                ],
                "tags": [
                    "goals"
                ],
                "summary": "create new goal",
                "parameters": [
                    {
                        "description": "Goal Info",
                        "name": "input",
                        "in": "body",
                        "required": true,
                        "schema": {
                            "$ref": "#/definitions/github_com_ali-nur31_mile-do_internal_transport_http_v1_dto.CreateGoalRequest"
                        }
                    }
                ],
                "responses": {
                    "201": {
                        "description": "Created",
                        "schema": {
                            "$ref": "#/definitions/github_com_ali-nur31_mile-do_internal_transport_http_v1_dto.GoalResponse"
                        }
                    },
                    "400": {
                        "description": "Bad Request",
                        "schema": {
                            "type": "object",
                            "additionalProperties": {
                                "type": "string"
                            }
                        }
                    },
                    "401": {
                        "description": "Unauthorized",
                        "schema": {
                            "type": "object",
                            "additionalProperties": {
                                "type": "string"
                            }
                        }
                    },
                    "500": {
                        "description": "Internal Server Error",
                        "schema": {
                            "type": "object",
                            "additionalProperties": {
                                "type": "string"
                            }
                        }
                    }
                }
            },
            "patch": {
                "security": [
                    {
                        "BearerAuth": []
                    }
                ],
                "description": "update existing goal",
                "consumes": [
                    "application/json"
                ],
                "produces": [
                    "application/json"
                ],
                "tags": [
                    "goals"
                ],
                "summary": "update goal",
                "parameters": [
                    {
                        "description": "New Goal Info",
                        "name": "input",
                        "in": "body",
                        "required": true,
                        "schema": {
                            "$ref": "#/definitions/github_com_ali-nur31_mile-do_internal_transport_http_v1_dto.UpdateGoalRequest"
                        }
                    }
                ],
                "responses": {
                    "200": {
                        "description": "OK",
                        "schema": {
                            "$ref": "#/definitions/github_com_ali-nur31_mile-do_internal_transport_http_v1_dto.GoalResponse"
                        }
                    },
                    "400": {
                        "description": "Bad Request",
                        "schema": {
                            "type": "object",
                            "additionalProperties": {
                                "type": "string"
                            }
                        }
                    },
                    "401": {
                        "description": "Unauthorized",
                        "schema": {
                            "type": "object",
                            "additionalProperties": {
                                "type": "string"
                            }
                        }
                    },
                    "500": {
                        "description": "Internal Server Error",
                        "schema": {
                            "type": "object",
                            "additionalProperties": {
                                "type": "string"
                            }
                        }
                    }
                }
            }
        },
        "/goals/{id}": {
            "get": {
                "security": [
                    {
                        "BearerAuth": []
                    }
                ],
                "description": "get goal by :id",
                "consumes": [
                    "application/json"
                ],
                "produces": [
                    "application/json"
                ],
                "tags": [
                    "goals"
                ],
                "summary": "get goal by :id",
                "parameters": [
                    {
                        "type": "integer",
                        "format": "int64",
                        "description": "Goal ID",
                        "name": "id",
                        "in": "path",
                        "required": true
                    }
                ],
                "responses": {
                    "200": {
                        "description": "OK",
                        "schema": {
                            "$ref": "#/definitions/github_com_ali-nur31_mile-do_internal_transport_http_v1_dto.GoalResponse"
                        }
                    },
                    "400": {
                        "description": "Bad Request",
                        "schema": {
                            "type": "object",
                            "additionalProperties": {
                                "type": "string"
                            }
                        }
                    },
                    "401": {
                        "description": "Unauthorized",
                        "schema": {
                            "type": "object",
                            "additionalProperties": {
                                "type": "string"
                            }
                        }
                    },
                    "404": {
                        "description": "Not Found",
                        "schema": {
                            "type": "object",
                            "additionalProperties": {
                                "type": "string"
                            }
                        }
                    },
                    "500": {
                        "description": "Internal Server Error",
                        "schema": {
                            "type": "object",
                            "additionalProperties": {
                                "type": "string"
                            }
                        }
                    }
                }
            },
            "delete": {
                "security": [
                    {
                        "BearerAuth": []
                    }
                ],
                "description": "delete goal by :id",
                "consumes": [
                    "application/json"
                ],
                "produces": [
                    "application/json"
                ],
                "tags": [
                    "goals"
                ],
                "summary": "delete goal by :id",
                "parameters": [
                    {
                        "type": "integer",
                        "format": "int64",
                        "description": "Goal ID",
                        "name": "id",
                        "in": "path",
                        "required": true
                    }
                ],
                "responses": {
                    "201": {
                        "description": "goal has been removed",
                        "schema": {
                            "type": "string"
                        }
                    },
                    "400": {
                        "description": "Bad Request",
                        "schema": {
                            "type": "object",
                            "additionalProperties": {
                                "type": "string"
                            }
                        }
                    },
                    "401": {
                        "description": "Unauthorized",
                        "schema": {
                            "type": "object",
                            "additionalProperties": {
                                "type": "string"
                            }
                        }
                    },
                    "404": {
                        "description": "Not Found",
                        "schema": {
                            "type": "object",
                            "additionalProperties": {
                                "type": "string"
                            }
                        }
                    }
                }
            }
        },
        "/goals/{id}/tasks": {
            "get": {
                "security": [
                    {
                        "BearerAuth": []
                    }
                ],
                "description": "get tasks by :goal_id",
                "consumes": [
                    "application/json"
                ],
                "produces": [
                    "application/json"
                ],
                "tags": [
                    "tasks"
                ],
                "summary": "get tasks by :goal_id",
                "parameters": [
                    {
                        "type": "integer",
                        "format": "int64",
                        "description": "Goal ID",
                        "name": "id",
                        "in": "path",
                        "required": true
                    }
                ],
                "responses": {
                    "200": {
                        "description": "OK",
                        "schema": {
                            "$ref": "#/definitions/github_com_ali-nur31_mile-do_internal_transport_http_v1_dto.ListTasksResponse"
                        }
                    },
                    "400": {
                        "description": "Bad Request",
                        "schema": {
                            "type": "object",
                            "additionalProperties": {
                                "type": "string"
                            }
                        }
                    },
                    "401": {
                        "description": "Unauthorized",
                        "schema": {
                            "type": "object",
                            "additionalProperties": {
                                "type": "string"
                            }
                        }
                    },
                    "500": {
                        "description": "Internal Server Error",
                        "schema": {
                            "type": "object",
                            "additionalProperties": {
                                "type": "string"
                            }
                        }
                    }
                }
            }
        },
        "/recurring-tasks-templates/": {
            "get": {
                "security": [
                    {
                        "BearerAuth": []
                    }
                ],
                "description": "get recurring tasks templates",
                "consumes": [
                    "application/json"
                ],
                "produces": [
                    "application/json"
                ],
                "tags": [
                    "recurring-tasks-templates"
                ],
                "summary": "get recurring tasks templates",
                "responses": {
                    "200": {
                        "description": "OK",
                        "schema": {
                            "$ref": "#/definitions/github_com_ali-nur31_mile-do_internal_transport_http_v1_dto.ListRecurringTasksTemplatesResponse"
                        }
                    },
                    "401": {
                        "description": "Unauthorized",
                        "schema": {
                            "type": "object",
                            "additionalProperties": {
                                "type": "string"
                            }
                        }
                    },
                    "500": {
                        "description": "Internal Server Error",
                        "schema": {
                            "type": "object",
                            "additionalProperties": {
                                "type": "string"
                            }
                        }
                    }
                }
            },
            "post": {
                "security": [
                    {
                        "BearerAuth": []
                    }
                ],
                "description": "create new recurring tasks template",
                "consumes": [
                    "application/json"
                ],
                "produces": [
                    "application/json"
                ],
                "tags": [
                    "recurring-tasks-templates"
                ],
                "summary": "create new recurring tasks template",
                "parameters": [
                    {
                        "description": "Recurring Tasks Template Info",
                        "name": "input",
                        "in": "body",
                        "required": true,
                        "schema": {
                            "$ref": "#/definitions/github_com_ali-nur31_mile-do_internal_transport_http_v1_dto.UpdateRecurringTasksTemplateRequest"
                        }
                    }
                ],
                "responses": {
                    "201": {
                        "description": "Created",
                        "schema": {
                            "$ref": "#/definitions/github_com_ali-nur31_mile-do_internal_transport_http_v1_dto.RecurringTasksTemplateResponse"
                        }
                    },
                    "400": {
                        "description": "Bad Request",
                        "schema": {
                            "type": "object",
                            "additionalProperties": {
                                "type": "string"
                            }
                        }
                    },
                    "401": {
                        "description": "Unauthorized",
                        "schema": {
                            "type": "object",
                            "additionalProperties": {
                                "type": "string"
                            }
                        }
                    },
                    "500": {
                        "description": "Internal Server Error",
                        "schema": {
                            "type": "object",
                            "additionalProperties": {
                                "type": "string"
                            }
                        }
                    }
                }
            }
        },
        "/recurring-tasks-templates/{id}": {
            "get": {
                "security": [
                    {
                        "BearerAuth": []
                    }
                ],
                "description": "get recurring tasks template by :id",
                "consumes": [
                    "application/json"
                ],
                "produces": [
                    "application/json"
                ],
                "tags": [
                    "recurring-tasks-templates"
                ],
                "summary": "get recurring tasks template by :id",
                "parameters": [
                    {
                        "type": "integer",
                        "format": "int64",
                        "description": "Recurring Tasks Template ID",
                        "name": "id",
                        "in": "path",
                        "required": true
                    }
                ],
                "responses": {
                    "200": {
                        "description": "OK",
                        "schema": {
                            "$ref": "#/definitions/github_com_ali-nur31_mile-do_internal_transport_http_v1_dto.RecurringTasksTemplateResponse"
                        }
                    },
                    "400": {
                        "description": "Bad Request",
                        "schema": {
                            "type": "object",
                            "additionalProperties": {
                                "type": "string"
                            }
                        }
                    },
                    "401": {
                        "description": "Unauthorized",
                        "schema": {
                            "type": "object",
                            "additionalProperties": {
                                "type": "string"
                            }
                        }
                    },
                    "500": {
                        "description": "Internal Server Error",
                        "schema": {
                            "type": "object",
                            "additionalProperties": {
                                "type": "string"
                            }
                        }
                    }
                }
            },
            "delete": {
                "security": [
                    {
                        "BearerAuth": []
                    }
                ],
                "description": "delete recurring tasks template by :id",
                "consumes": [
                    "application/json"
                ],
                "produces": [
                    "application/json"
                ],
                "tags": [
                    "recurring-tasks-templates"
                ],
                "summary": "delete recurring tasks template by :id",
                "parameters": [
                    {
                        "type": "integer",
                        "format": "int64",
                        "description": "Recurring Tasks Template ID",
                        "name": "id",
                        "in": "path",
                        "required": true
                    }
                ],
                "responses": {
                    "201": {
                        "description": "Recurring tasks template has been removed",
                        "schema": {
                            "type": "string"
                        }
                    },
                    "400": {
                        "description": "Bad Request",
                        "schema": {
                            "type": "object",
                            "additionalProperties": {
                                "type": "string"
                            }
                        }
                    },
                    "401": {
                        "description": "Unauthorized",
                        "schema": {
                            "type": "object",
                            "additionalProperties": {
                                "type": "string"
                            }
                        }
                    },
                    "404": {
                        "description": "Not Found",
                        "schema": {
                            "type": "object",
                            "additionalProperties": {
                                "type": "string"
                            }
                        }
                    },
                    "500": {
                        "description": "Internal Server Error",
                        "schema": {
                            "type": "object",
                            "additionalProperties": {
                                "type": "string"
                            }
                        }
                    }
                }
            },
            "patch": {
                "security": [
                    {
                        "BearerAuth": []
                    }
                ],
                "description": "update existing recurring tasks template by :id",
                "consumes": [
                    "application/json"
                ],
                "produces": [
                    "application/json"
                ],
                "tags": [
                    "recurring-tasks-templates"
                ],
                "summary": "update recurring tasks template by :id",
                "parameters": [
                    {
                        "type": "integer",
                        "format": "int64",
                        "description": "Recurring Tasks Template ID",
                        "name": "id",
                        "in": "path",
                        "required": true
                    },
                    {
                        "description": "New Recurring Tasks Template Info",
                        "name": "input",
                        "in": "body",
                        "required": true,
                        "schema": {
                            "$ref": "#/definitions/github_com_ali-nur31_mile-do_internal_transport_http_v1_dto.UpdateRecurringTasksTemplateRequest"
                        }
                    }
                ],
                "responses": {
                    "200": {
                        "description": "OK",
                        "schema": {
                            "$ref": "#/definitions/github_com_ali-nur31_mile-do_internal_transport_http_v1_dto.RecurringTasksTemplateResponse"
                        }
                    },
                    "400": {
                        "description": "Bad Request",
                        "schema": {
                            "type": "object",
                            "additionalProperties": {
                                "type": "string"
                            }
                        }
                    },
                    "401": {
                        "description": "Unauthorized",
                        "schema": {
                            "type": "object",
                            "additionalProperties": {
                                "type": "string"
                            }
                        }
                    },
                    "404": {
                        "description": "Not Found",
                        "schema": {
                            "type": "object",
                            "additionalProperties": {
                                "type": "string"
                            }
                        }
                    },
                    "500": {
                        "description": "Internal Server Error",
                        "schema": {
                            "type": "object",
                            "additionalProperties": {
                                "type": "string"
                            }
                        }
                    }
                }
            }
        },
        "/tasks/": {
            "get": {
                "security": [
                    {
                        "BearerAuth": []
                    }
                ],
                "description": "get all tasks",
                "consumes": [
                    "application/json"
                ],
                "produces": [
                    "application/json"
                ],
                "tags": [
                    "tasks"
                ],
                "summary": "get tasks",
                "responses": {
                    "200": {
                        "description": "OK",
                        "schema": {
                            "$ref": "#/definitions/github_com_ali-nur31_mile-do_internal_transport_http_v1_dto.ListTasksResponse"
                        }
                    },
                    "401": {
                        "description": "Unauthorized",
                        "schema": {
                            "type": "object",
                            "additionalProperties": {
                                "type": "string"
                            }
                        }
                    },
                    "500": {
                        "description": "Internal Server Error",
                        "schema": {
                            "type": "object",
                            "additionalProperties": {
                                "type": "string"
                            }
                        }
                    }
                }
            },
            "post": {
                "security": [
                    {
                        "BearerAuth": []
                    }
                ],
                "description": "create new task",
                "consumes": [
                    "application/json"
                ],
                "produces": [
                    "application/json"
                ],
                "tags": [
                    "tasks"
                ],
                "summary": "create new task",
                "parameters": [
                    {
                        "description": "Task Info",
                        "name": "input",
                        "in": "body",
                        "required": true,
                        "schema": {
                            "$ref": "#/definitions/github_com_ali-nur31_mile-do_internal_transport_http_v1_dto.CreateTaskRequest"
                        }
                    }
                ],
                "responses": {
                    "201": {
                        "description": "Created",
                        "schema": {
                            "$ref": "#/definitions/github_com_ali-nur31_mile-do_internal_transport_http_v1_dto.TaskResponse"
                        }
                    },
                    "400": {
                        "description": "Bad Request",
                        "schema": {
                            "type": "object",
                            "additionalProperties": {
                                "type": "string"
                            }
                        }
                    },
                    "401": {
                        "description": "Unauthorized",
                        "schema": {
                            "type": "object",
                            "additionalProperties": {
                                "type": "string"
                            }
                        }
                    },
                    "500": {
                        "description": "Internal Server Error",
                        "schema": {
                            "type": "object",
                            "additionalProperties": {
                                "type": "string"
                            }
                        }
                    }
                }
            }
        },
        "/tasks/analyze": {
            "get": {
                "security": [
                    {
                        "BearerAuth": []
                    }
                ],
                "description": "get count of completed tasks over total tasks for today",
                "consumes": [
                    "application/json"
                ],
                "produces": [
                    "application/json"
                ],
                "tags": [
                    "tasks"
                ],
                "summary": "get stats for today",
                "responses": {
                    "201": {
                        "description": "Created",
                        "schema": {
                            "type": "string"
                        }
                    },
                    "400": {
                        "description": "Bad Request",
                        "schema": {
                            "type": "object",
                            "additionalProperties": {
                                "type": "string"
                            }
                        }
                    },
                    "401": {
                        "description": "Unauthorized",
                        "schema": {
                            "type": "object",
                            "additionalProperties": {
                                "type": "string"
                            }
                        }
                    }
                }
            }
        },
        "/tasks/inbox": {
            "get": {
                "security": [
                    {
                        "BearerAuth": []
                    }
                ],
                "description": "get tasks without date",
                "consumes": [
                    "application/json"
                ],
                "produces": [
                    "application/json"
                ],
                "tags": [
                    "tasks"
                ],
                "summary": "get inbox tasks",
                "responses": {
                    "200": {
                        "description": "OK",
                        "schema": {
                            "$ref": "#/definitions/github_com_ali-nur31_mile-do_internal_transport_http_v1_dto.ListTasksResponse"
                        }
                    },
                    "401": {
                        "description": "Unauthorized",
                        "schema": {
                            "type": "object",
                            "additionalProperties": {
                                "type": "string"
                            }
                        }
                    },
                    "500": {
                        "description": "Internal Server Error",
                        "schema": {
                            "type": "object",
                            "additionalProperties": {
                                "type": "string"
                            }
                        }
                    }
                }
            }
        },
        "/tasks/period": {
            "get": {
                "security": [
                    {
                        "BearerAuth": []
                    }
                ],
                "description": "get tasks by period",
                "consumes": [
                    "application/json"
                ],
                "produces": [
                    "application/json"
                ],
                "tags": [
                    "tasks"
                ],
                "summary": "get tasks by period",
                "parameters": [
                    {
                        "type": "string",
                        "description": "tasks after specific date",
                        "name": "after_date",
                        "in": "query"
                    },
                    {
                        "type": "string",
                        "description": "tasks before specific date",
                        "name": "before_date",
                        "in": "query"
                    }
                ],
                "responses": {
                    "200": {
                        "description": "OK",
                        "schema": {
                            "$ref": "#/definitions/github_com_ali-nur31_mile-do_internal_transport_http_v1_dto.ListTasksResponse"
                        }
                    },
                    "400": {
                        "description": "Bad Request",
                        "schema": {
                            "type": "object",
                            "additionalProperties": {
                                "type": "string"
                            }
                        }
                    },
                    "401": {
                        "description": "Unauthorized",
                        "schema": {
                            "type": "object",
                            "additionalProperties": {
                                "type": "string"
                            }
                        }
                    },
                    "500": {
                        "description": "Internal Server Error",
                        "schema": {
                            "type": "object",
                            "additionalProperties": {
                                "type": "string"
                            }
                        }
                    }
                }
            }
        },
        "/tasks/{id}": {
            "get": {
                "security": [
                    {
                        "BearerAuth": []
                    }
                ],
                "description": "get task by :id",
                "consumes": [
                    "application/json"
                ],
                "produces": [
                    "application/json"
                ],
                "tags": [
                    "tasks"
                ],
                "summary": "get task by :id",
                "parameters": [
                    {
                        "type": "integer",
                        "format": "int64",
                        "description": "Task ID",
                        "name": "id",
                        "in": "path",
                        "required": true
                    }
                ],
                "responses": {
                    "200": {
                        "description": "OK",
                        "schema": {
                            "$ref": "#/definitions/github_com_ali-nur31_mile-do_internal_transport_http_v1_dto.TaskResponse"
                        }
                    },
                    "400": {
                        "description": "Bad Request",
                        "schema": {
                            "type": "object",
                            "additionalProperties": {
                                "type": "string"
                            }
                        }
                    },
                    "401": {
                        "description": "Unauthorized",
                        "schema": {
                            "type": "object",
                            "additionalProperties": {
                                "type": "string"
                            }
                        }
                    },
                    "500": {
                        "description": "Internal Server Error",
                        "schema": {
                            "type": "object",
                            "additionalProperties": {
                                "type": "string"
                            }
                        }
                    }
                }
            },
            "delete": {
                "security": [
                    {
                        "BearerAuth": []
                    }
                ],
                "description": "delete task by :id",
                "consumes": [
                    "application/json"
                ],
                "produces": [
                    "application/json"
                ],
                "tags": [
                    "tasks"
                ],
                "summary": "delete task by :id",
                "parameters": [
                    {
                        "type": "integer",
                        "format": "int64",
                        "description": "Task ID",
                        "name": "id",
                        "in": "path",
                        "required": true
                    }
                ],
                "responses": {
                    "201": {
                        "description": "Task has been removed",
                        "schema": {
                            "type": "string"
                        }
                    },
                    "400": {
                        "description": "Bad Request",
                        "schema": {
                            "type": "object",
                            "additionalProperties": {
                                "type": "string"
                            }
                        }
                    },
                    "401": {
                        "description": "Unauthorized",
                        "schema": {
                            "type": "object",
                            "additionalProperties": {
                                "type": "string"
                            }
                        }
                    },
                    "404": {
                        "description": "Not Found",
                        "schema": {
                            "type": "object",
                            "additionalProperties": {
                                "type": "string"
                            }
                        }
                    },
                    "500": {
                        "description": "Internal Server Error",
                        "schema": {
                            "type": "object",
                            "additionalProperties": {
                                "type": "string"
                            }
                        }
                    }
                }
            },
            "patch": {
                "security": [
                    {
                        "BearerAuth": []
                    }
                ],
                "description": "update existing task by :id",
                "consumes": [
                    "application/json"
                ],
                "produces": [
                    "application/json"
                ],
                "tags": [
                    "tasks"
                ],
                "summary": "update task by :id",
                "parameters": [
                    {
                        "type": "integer",
                        "format": "int64",
                        "description": "Task ID",
                        "name": "id",
                        "in": "path",
                        "required": true
                    },
                    {
                        "description": "New Task Info",
                        "name": "input",
                        "in": "body",
                        "required": true,
                        "schema": {
                            "$ref": "#/definitions/github_com_ali-nur31_mile-do_internal_transport_http_v1_dto.UpdateTaskRequest"
                        }
                    }
                ],
                "responses": {
                    "200": {
                        "description": "OK",
                        "schema": {
                            "$ref": "#/definitions/github_com_ali-nur31_mile-do_internal_transport_http_v1_dto.TaskResponse"
                        }
                    },
                    "400": {
                        "description": "Bad Request",
                        "schema": {
                            "type": "object",
                            "additionalProperties": {
                                "type": "string"
                            }
                        }
                    },
                    "401": {
                        "description": "Unauthorized",
                        "schema": {
                            "type": "object",
                            "additionalProperties": {
                                "type": "string"
                            }
                        }
                    },
                    "404": {
                        "description": "Not Found",
                        "schema": {
                            "type": "object",
                            "additionalProperties": {
                                "type": "string"
                            }
                        }
                    },
                    "500": {
                        "description": "Internal Server Error",
                        "schema": {
                            "type": "object",
                            "additionalProperties": {
                                "type": "string"
                            }
                        }
                    }
                }
            }
        },
        "/users/me": {
            "get": {
                "security": [
                    {
                        "BearerAuth": []
                    }
                ],
                "description": "get user account by bearer token",
                "consumes": [
                    "application/json"
                ],
                "produces": [
                    "application/json"
                ],
                "tags": [
                    "users"
                ],
                "summary": "get user info",
                "responses": {
                    "200": {
                        "description": "OK",
                        "schema": {
                            "$ref": "#/definitions/github_com_ali-nur31_mile-do_internal_transport_http_v1_dto.GetUserResponse"
                        }
                    },
                    "400": {
                        "description": "Bad Request",
                        "schema": {
                            "type": "object",
                            "additionalProperties": {
                                "type": "string"
                            }
                        }
                    },
                    "401": {
                        "description": "Unauthorized",
                        "schema": {
                            "type": "object",
                            "additionalProperties": {
                                "type": "string"
                            }
                        }
                    },
                    "500": {
                        "description": "Internal Server Error",
                        "schema": {
                            "type": "object",
                            "additionalProperties": {
                                "type": "string"
                            }
                        }
                    }
                }
            }
        }
    },
    "definitions": {
        "github_com_ali-nur31_mile-do_internal_transport_http_v1_dto.AuthUserResponse": {
            "type": "object",
            "properties": {
                "access_token": {
                    "type": "string"
                },
                "refresh_token": {
                    "type": "string"
                }
            }
        },
        "github_com_ali-nur31_mile-do_internal_transport_http_v1_dto.CreateGoalRequest": {
            "type": "object",
            "properties": {
                "category_type": {
                    "type": "string"
                },
                "color": {
                    "type": "string"
                },
                "title": {
                    "type": "string"
                }
            }
        },
        "github_com_ali-nur31_mile-do_internal_transport_http_v1_dto.CreateTaskRequest": {
            "type": "object",
            "properties": {
                "goal_id": {
                    "type": "integer"
                },
                "scheduled_date_time": {
                    "type": "string"
                },
                "scheduled_end_date_time": {
                    "type": "string"
                },
                "title": {
                    "type": "string"
                },
                "user_id": {
                    "type": "integer"
                }
            }
        },
        "github_com_ali-nur31_mile-do_internal_transport_http_v1_dto.GetUserResponse": {
            "type": "object",
            "properties": {
                "created_at": {
                    "type": "string"
                },
                "email": {
                    "type": "string"
                }
            }
        },
        "github_com_ali-nur31_mile-do_internal_transport_http_v1_dto.GoalData": {
            "type": "object",
            "properties": {
                "category_type": {
                    "type": "string"
                },
                "color": {
                    "type": "string"
                },
                "created_at": {
                    "type": "string"
                },
                "id": {
                    "type": "integer"
                },
                "is_archived": {
                    "type": "boolean"
                },
                "title": {
                    "type": "string"
                }
            }
        },
        "github_com_ali-nur31_mile-do_internal_transport_http_v1_dto.GoalResponse": {
            "type": "object",
            "properties": {
                "category_type": {
                    "type": "string"
                },
                "color": {
                    "type": "string"
                },
                "created_at": {
                    "type": "string"
                },
                "id": {
                    "type": "integer"
                },
                "is_archived": {
                    "type": "boolean"
                },
                "title": {
                    "type": "string"
                },
                "user_id": {
                    "type": "integer"
                }
            }
        },
        "github_com_ali-nur31_mile-do_internal_transport_http_v1_dto.ListGoalsResponse": {
            "type": "object",
            "properties": {
                "data": {
                    "type": "array",
                    "items": {
                        "$ref": "#/definitions/github_com_ali-nur31_mile-do_internal_transport_http_v1_dto.GoalData"
                    }
                },
                "user_id": {
                    "type": "integer"
                }
            }
        },
        "github_com_ali-nur31_mile-do_internal_transport_http_v1_dto.ListRecurringTasksTemplatesResponse": {
            "type": "object",
            "properties": {
                "recurring_tasks_template_data": {
                    "type": "array",
                    "items": {
                        "$ref": "#/definitions/github_com_ali-nur31_mile-do_internal_transport_http_v1_dto.RecurringTasksTemplateData"
                    }
                },
                "user_id": {
                    "type": "integer"
                }
            }
        },
        "github_com_ali-nur31_mile-do_internal_transport_http_v1_dto.ListTasksResponse": {
            "type": "object",
            "properties": {
                "task_data": {
                    "type": "array",
                    "items": {
                        "$ref": "#/definitions/github_com_ali-nur31_mile-do_internal_transport_http_v1_dto.TaskData"
                    }
                },
                "user_id": {
                    "type": "integer"
                }
            }
        },
        "github_com_ali-nur31_mile-do_internal_transport_http_v1_dto.LoginUserRequest": {
            "type": "object",
            "properties": {
                "email": {
                    "type": "string"
                },
                "password": {
                    "type": "string"
                }
            }
        },
        "github_com_ali-nur31_mile-do_internal_transport_http_v1_dto.RecurringTasksTemplateData": {
            "type": "object",
            "properties": {
                "created_at": {
                    "type": "string"
                },
                "duration_minutes": {
                    "type": "integer"
                },
                "goal_id": {
                    "type": "integer"
                },
                "has_time": {
                    "type": "boolean"
                },
                "id": {
                    "type": "integer"
                },
                "last_generated_date": {
                    "type": "string"
                },
                "recurrence_rrule": {
                    "type": "string"
                },
                "scheduled_datetime": {
                    "type": "string"
                },
                "title": {
                    "type": "string"
                }
            }
        },
        "github_com_ali-nur31_mile-do_internal_transport_http_v1_dto.RecurringTasksTemplateResponse": {
            "type": "object",
            "properties": {
                "created_at": {
                    "type": "string"
                },
                "duration_minutes": {
                    "type": "integer"
                },
                "goal_id": {
                    "type": "integer"
                },
                "has_time": {
                    "type": "boolean"
                },
                "id": {
                    "type": "integer"
                },
                "last_generated_date": {
                    "type": "string"
                },
                "recurrence_rrule": {
                    "type": "string"
                },
                "scheduled_datetime": {
                    "type": "string"
                },
                "title": {
                    "type": "string"
                },
                "user_id": {
                    "type": "integer"
                }
            }
        },
        "github_com_ali-nur31_mile-do_internal_transport_http_v1_dto.RefreshAccessTokenRequest": {
            "type": "object",
            "properties": {
                "refresh_token": {
                    "type": "string"
                }
            }
        },
        "github_com_ali-nur31_mile-do_internal_transport_http_v1_dto.RegisterUserRequest": {
            "type": "object",
            "properties": {
                "confirm_password": {
                    "type": "string"
                },
                "email": {
                    "type": "string"
                },
                "password": {
                    "type": "string"
                }
            }
        },
        "github_com_ali-nur31_mile-do_internal_transport_http_v1_dto.TaskData": {
            "type": "object",
            "properties": {
                "created_at": {
                    "type": "string"
                },
                "duration_minutes": {
                    "type": "integer"
                },
                "goal_id": {
                    "type": "integer"
                },
                "has_time": {
                    "type": "boolean"
                },
                "id": {
                    "type": "integer"
                },
                "is_done": {
                    "type": "boolean"
                },
                "reschedule_count": {
                    "type": "integer"
                },
                "scheduled_date": {
                    "type": "string"
                },
                "scheduled_time": {
                    "type": "string"
                },
                "title": {
                    "type": "string"
                }
            }
        },
        "github_com_ali-nur31_mile-do_internal_transport_http_v1_dto.TaskResponse": {
            "type": "object",
            "properties": {
                "created_at": {
                    "type": "string"
                },
                "duration_minutes": {
                    "type": "integer"
                },
                "goal_id": {
                    "type": "integer"
                },
                "has_time": {
                    "type": "boolean"
                },
                "id": {
                    "type": "integer"
                },
                "is_done": {
                    "type": "boolean"
                },
                "reschedule_count": {
                    "type": "integer"
                },
                "scheduled_date": {
                    "type": "string"
                },
                "scheduled_time": {
                    "type": "string"
                },
                "title": {
                    "type": "string"
                },
                "user_id": {
                    "type": "integer"
                }
            }
        },
        "github_com_ali-nur31_mile-do_internal_transport_http_v1_dto.UpdateGoalRequest": {
            "type": "object",
            "properties": {
                "category_type": {
                    "type": "string"
                },
                "color": {
                    "type": "string"
                },
                "id": {
                    "type": "integer"
                },
                "is_archived": {
                    "type": "boolean"
                },
                "title": {
                    "type": "string"
                }
            }
        },
        "github_com_ali-nur31_mile-do_internal_transport_http_v1_dto.UpdateRecurringTasksTemplateRequest": {
            "type": "object",
            "properties": {
                "goal_id": {
                    "type": "integer"
                },
                "has_time": {
                    "type": "boolean"
                },
                "recurrence_rrule": {
                    "type": "string"
                },
                "scheduled_datetime": {
                    "type": "string"
                },
                "scheduled_end_time": {
                    "type": "string"
                },
                "title": {
                    "type": "string"
                }
            }
        },
        "github_com_ali-nur31_mile-do_internal_transport_http_v1_dto.UpdateTaskRequest": {
            "type": "object",
            "properties": {
                "goal_id": {
                    "type": "integer"
                },
                "is_done": {
                    "type": "boolean"
                },
                "scheduled_date_time": {
                    "type": "string"
                },
                "scheduled_end_date_time": {
                    "type": "string"
                },
                "title": {
                    "type": "string"
                }
            }
        }
    },
    "securityDefinitions": {
        "BearerAuth": {
            "description": "Type \"Bearer\" followed by a space and JWT token",
            "type": "apiKey",
            "name": "Authorization",
            "in": "header"
        }
    }
}